Vorname,Gewicht,Körpergröße,bmi
Max,80,186,23.12406058503873
Lena,55,165,20.202020202020204
Tim,93,181,28.387411861664784
Lisa,39,158,15.622496394808522
Don,120,176,38.739669421487605
